Q5SME2_THET8	P05649	1:1	
Q5SME1	P37869	1:1	1113391
Q5SME0_THET8	P80885	1:1	1100996
Q5SMD8_THET8	O34409	1:1	
Q5SMD7	P54523	1:1	634193
Q5SMD5_THET8	P54617	1:m	
Q5SMD5_THET8	O32201	1:m	1100455
Q5SMD2_THET8	P39757	1:1	
Q5SMC8	P54473	1:1	1113380
Q5SMC7	P37567	1:1	
Q5SMC5	P39125	1:1	836598
Q5SMC3_THET8	P42244	n:m	
Q5SMC3_THET8	P94413	n:m	852021
Q5SMC3_THET8	O34903	n:m	
Q5SMC3_THET8	P35163	n:m	
Q5SMC3_THET8	P54443	n:m	
Q5SMC3_THET8	P13792	n:m	
Q5SMC3_THET8	O34951	n:m	
Q5SMC3_THET8	O32192	n:m	
Q5SMC3_THET8	P94504	n:m	
Q5SMC3_THET8	O06978	n:m	
Q5SMC3_THET8	P42421	n:m	
Q5SMC3_THET8	P37478	n:m	
Q5SMC1	P39122	1:1	
Q5SMB6_THET8	P46905	1:m	
Q5SMB6_THET8	P54569	1:m	
Q5SMB6_THET8	O05408	1:m	
Q5SMB6_THET8	P46336	1:m	1012614
Q5SMA0_THET8	Q45479	1:1	
Q56232	P53001	1:1	
Q5SM94_THET8	O31502	1:m	765778
Q5SM94_THET8	O34799	1:m	
Q5SM89_THET8	O31590	1:1	1039924
Q5SM87_THET8	Q07429	1:1	603631
Q5SM86_THET8	Q07428	1:1	
Q5SM85_THET8	P25499	1:1	
Q5SM81_THET8	P10725	1:m	1084857
Q5SM81_THET8	P94494	1:m	
Q5SM79_THET8	P37498	1:1	
Q5SM72_THET8	O34756	n:m	
Q5SM72_THET8	O32188	n:m	852905
Q5SM69_THET8	P39814	1:1	633290
Q5SM67_THET8	P20167	1:1	
Q5SM66_THET8	Q45499	1:1	1091520
Q5SM60	P37468	1:1	1077515
Q56227	O05229	n:1	
Q56228	O05229	n:1	
Q56229	O05229	n:1	
Q5SM45	P46906	1:1	
Q5SM43_THET8	Q03523	1:1	782321
Q5SM37_THET8	O34557	1:1	1109977
Q5SM35_THET8	P45694	1:1	
Q5SM34_THET8	P96614	1:m	
Q5SM34_THET8	P42305	1:m	
Q5SM33_THET8	O31703	1:1	1094608
Q5SM32_THET8	P39637	1:1	
Q5SM31_THET8	P39788	1:1	604804
Q5SM25	O34600	1:1	1063190
Q5SM23	P42182	1:1	1114849
Q5SM21_THET8	BACSU00605	1:1	1039029
Q5SM20_THET8	P96725	1:1	
Q5SM19_THET8	O31461	1:1	
Q5SM15	O34520	1:1	822507
Q5SM14	O34459	1:1	1112130
Q5SM09	Q45549	1:1	1103677
Q5SM06_THET8	P37552	1:1	1072219
Q5SM03	P70965	1:m	1111612
Q5SM03	P19670	1:m	
Q5SM01	P28367	1:1	1115060
Q5SLZ8_THET8	P42244	n:m	
Q5SLZ8_THET8	P94413	n:m	
Q5SLZ8_THET8	O34903	n:m	
Q5SLZ8_THET8	P35163	n:m	
Q5SLZ8_THET8	P54443	n:m	
Q5SLZ8_THET8	P13792	n:m	
Q5SLZ8_THET8	O34951	n:m	
Q5SLZ8_THET8	O32192	n:m	
Q5SLZ8_THET8	P94504	n:m	
Q5SLZ8_THET8	O06978	n:m	
Q5SLZ8_THET8	P42421	n:m	
Q5SLZ8_THET8	P37478	n:m	
Q5SLZ5_THET8	O32068	1:1	
Q5SLY6_THET8	P54550	1:1	1082940
Q5SLY2_THET8	P36430	1:1	604879
Q5SLY1_THET8	P38494	1:1	
Q5SLX6_THET8	P94548	1:1	
P83700	P37550	1:1	1035494
Q5SLX2	Q06755	1:1	829782
Q5SLX1	P94507	1:1	
Q5SLX0_THET8	O32148	1:1	1099614
Q5SLW9	P17631	n:1	
Q5SLW8_THET8	P39158	n:m	
Q5SLW8_THET8	P32081	n:m	851932
Q5SLW8_THET8	P51777	n:m	
Q5SLV9_THET8	P21883	n:m	
Q5SLV9_THET8	P37942	n:m	
Q5SLV7_THET8	P39127	1:m	
Q5SLV7_THET8	P20668	1:m	
Q5SLV7_THET8	P94501	1:m	
Q5SLV7_THET8	O35038	1:m	
Q5SLV7_THET8	Q04778	1:m	1074152
Q5SLV7_THET8	P39592	1:m	
Q5SLV7_THET8	P37499	1:m	
Q5SLV6_THET8	O34779	1:1	
Q5SLV5	P31103	1:1	1114074
Q5SLV3_THET8	P28823	1:1	1067237
Q5SLV2_THET8	P28822	1:1	1042719
Q5SLU5	O31744	1:1	1097323
Q5SLU4_THET8	P37967	1:1	838345
Q5SLU3_THET8	C0SP82	1:1	823359
Q5SLU0_THET8	P37948	1:1	
Q5SLT9_THET8	P96661	n:m	
Q5SLT9_THET8	P39649	n:m	
Q8VVE3	P42923	1:1	1092626
Q8VVE2	P02394	1:1	1115326
Q5SLS9_THET8	O34751	1:1	1081922
Q5SLS7_THET8	Q08352	1:1	
Q5SLS6	P32732	1:1	1108049
Q5SLS4_THET8	P35159	1:1	
Q5SLS3_THET8	P37472	1:1	1065721
Q5SLS2_THET8	P54163	1:1	1035197
Q5SLS1	A0A6M4JR71_BACSU	1:1	1108498
Q5SLR9_THET8	P42407	1:m	
Q5SLR9_THET8	P39629	1:m	
Q5SLR5	Q45601	1:1	1056690
Q5SLR4	P21881	n:m	
Q5SLR4	P37940	n:m	1106167
Q5SLR3	P37941	1:1	634196
Q5SLR1_THET8	P21883	n:m	
Q5SLR1_THET8	P37942	n:m	713822
Q5SLR0_THET8	O34324	n:m	
Q5SLR0_THET8	P21880	n:m	
Q5SLR0_THET8	P54533	n:m	
Q5SLQ8_THET8	O07942	1:1	
Q5SLQ6_THET8	O34948	1:1	
Q5SLQ4	O32129	1:1	1111528
Q5SLQ2_THET8	P37959	n:1	
Q5SLQ1	P37437	1:1	1066475
Q5SLP8	P21468	1:1	
Q5SLP7	Q06797	1:1	1113546
Q5SLP6	Q06796	1:1	1114269
P35872	Q06795	1:1	825015
P60339	P33166	n:1	851653
Q5SLN8_THET8	P71086	n:m	
Q5SLN8_THET8	P54574	n:m	845916
Q5SLN7_THET8	O32106	1:1	741459
Q5SLN6_THET8	P54515	1:1	635922
Q5SLN5	O35020	1:1	1111672
Q5SLN4_THET8	P46338	1:1	
Q5SLN3_THET8	P46339	1:1	
Q5SLN2_THET8	P46340	1:1	
Q5SLN1	P46342	1:m	851701
Q5SLN1	P46341	1:m	
Q5SLN0_THET8	P33449	1:m	
Q5SLN0_THET8	P39843	1:m	851983
Q5SLN0_THET8	P40760	1:m	
Q5SLM9_THET8	P05651	1:1	1065452
Q5SLM7_THET8	P54421	1:1	858237
Q5SLM4_THET8	P15378	1:1	1042820
Q5SLM3	P50848	1:1	1068862
Q5SLM2	P28598	1:1	689088
P61493	P28599	1:1	1105264
Q5SLL8_THET8	P94538	1:1	
Q5SLL6	P80860	1:1	
Q5SLL5	P54418	1:1	804007
Q5SLL4_THET8	A0A7G8SUN9_BACIU	1:1	
Q5SLL3	P25993	1:1	1093806
Q5SLL0	O34858	1:1	1102969
P59846	O34347	1:1	1109859
Q5SLK6_THET8	O34324	n:m	
Q5SLK6_THET8	P21880	n:m	
Q5SLK6_THET8	P54533	n:m	
Q5SLK5_THET8	P16263	1:1	713820
Q5SLK4_THET8	P23129	1:1	1112957
Q5SLK3_THET8	O07533	n:m	
Q5SLK3_THET8	P23966	n:m	
Q9F1Q3	O05392	1:1	1091981
Q5SLK1_THET8	P94512	1:1	
Q5SLJ7_THET8	Q06753	1:1	851670
Q5SLJ6_THET8	O34984	1:1	
Q5SLJ4_THET8	O05510	1:m	
Q5SLJ4_THET8	P54495	1:m	1054807
Q5SLI9_THET8	P54616	1:1	630817
Q5SLI8	P54482	1:1	1113688
Q5SLI7	O32053	1:1	1104527
Q5SLI4_THET8	O34472	1:m	
Q5SLI4_THET8	O34991	1:m	
Q5SLI4_THET8	O32086	1:m	838278
Q5SLI4_THET8	O32095	1:m	
Q5SLI2_THET8	P24011	1:1	815738
P98005	P24010	1:m	
P98005	P34956	1:m	1006957
Q5SLH5_THET8	O06974	1:1	1055912
Q5SLH4	O06973	1:1	1112625
Q5SLH3	P94463	1:1	604351
Q5SLH2	P94462	1:1	1110255
Q5SLH0_THET8	Q45589	1:1	1103014
Q5SLG9_THET8	P46353	1:1	708362
Q5SLG5_THET8	P37532	1:m	
Q5SLG5_THET8	P96654	1:m	
Q5SLG4_THET8	O31544	1:1	
Q5SLG2_THET8	O34411	1:1	
Q5SLG0_THET8	O32103	1:1	777131
Q5SLF8	O07590	1:m	
Q5SLF8	O07591	1:m	
Q5SLF7	P11998	1:1	1084527
Q5SLF2_THET8	O34457	1:1	1094237
Q5SLF1_THET8	O31665	1:m	1004006
Q5SLF1_THET8	P39643	1:m	
Q5SLF0_THET8	Q05865	1:1	
Q5SLE9_THET8	P71086	n:m	845917
Q5SLE9_THET8	P54574	n:m	
Q5SLE8	P16616	1:1	1099521
Q5SLE6_THET8	P37887	1:m	
Q5SLE6_THET8	O34476	1:m	1113120
Q5SLE5_THET8	O34648	1:1	1099120
Q5SLE4_THET8	P54606	1:m	1016629
Q5SLE4_THET8	O34682	1:m	
Q5SLE2_THET8	O06481	1:1	852036
Q5SLE0_THET8	P18159	1:1	
Q5SLD9_THET8	O31520	n:m	
Q5SLD9_THET8	P39129	n:m	
Q5SLD9_THET8	P94530	n:m	
Q5SLD9_THET8	P53561	n:m	
Q5SLD9_THET8	O34518	n:m	
Q5SLD9_THET8	O32154	n:m	
Q5SLD9_THET8	O07011	n:m	
Q5SLD9_THET8	O06991	n:m	
Q5SLD8_THET8	O31519	n:m	
Q5SLD8_THET8	P39128	n:m	
Q5SLD8_THET8	P94529	n:m	
Q5SLD8_THET8	O34706	n:m	
Q5SLD8_THET8	O32155	n:m	
Q5SLD8_THET8	O32261	n:m	
Q5SLD4_THET8	P39158	n:m	
Q5SLD4_THET8	P32081	n:m	
Q5SLD4_THET8	P51777	n:m	
Q5SLD1_THET8	O31726	1:1	1074058
Q5SLD0_THET8	P54452	1:1	1022894
Q9LCX2	A0A199WBR3_BACIU	1:1	1003005
Q5SLC6_THET8	P12043	1:1	1114169
Q5SLC5_THET8	O07617	1:1	742037
Q5SLC4_THET8	P39640	1:1	
Q5SLB8_THET8	O05516	1:1	
Q5SLB6_THET8	O31519	n:m	
Q5SLB6_THET8	P39128	n:m	
Q5SLB6_THET8	P94529	n:m	
Q5SLB6_THET8	O34706	n:m	
Q5SLB6_THET8	O32155	n:m	
Q5SLB6_THET8	O32261	n:m	
Q5SLB1_THET8	P54486	1:1	821495
Q5SLA9	O34752	1:1	
Q5SLA8	A0A6M4JBW5_BACSU	1:1	851652
Q5SLA7_THET8	O31804	1:1	
Q5SLA6_THET8	P42252	1:m	851680
Q5SLA6_THET8	O05523	1:m	
Q5SLA5_THET8	P39912	n:1	
Q5SLA1_THET8	P54540	1:1	1071646
Q5SL93_THET8	O06012	1:1	
Q5SL87	O32055	1:1	1101867
Q5SL86	P52996	1:1	1112626
Q5SL85_THET8	O31613	1:m	
Q5SL85_THET8	Q45480	1:m	1018708
Q5SL82_THET8	P94426	1:m	
Q5SL82_THET8	P96681	1:m	
Q5SL82_THET8	Q796Q6	1:m	
Q5SL80_THET8	O34340	1:1	
Q5SL79	P80643	1:1	667274
Q5SL78_THET8	P51831	1:1	630816
Q5SL77_THET8	P71019	1:1	1055790
Q5SL76_THET8	O34746	1:1	992387
P80339	O34687	1:1	1082771
Q5SL71_THET8	P27620	1:1	809813
Q60049	P96707	1:1	
Q5SL65_THET8	P17731	n:1	
Q5SL64	O34683	1:1	1059437
Q7SIC0	O34565	1:1	1113815
Q5SL62_THET8	O34768	1:m	
Q5SL62_THET8	P36945	1:m	
Q5SL61_THET8	P21879	1:1	1077412
Q5SL58_THET8	O32217	1:1	726174
Q5SL57_THET8	P51835	1:1	851846
P27000	P22250	1:1	1067493
Q5SL54_THET8	O31427	n:m	
Q5SL54_THET8	P46903	n:m	
Q5SL54_THET8	O34946	n:m	
Q5SL54_THET8	P96605	n:m	
Q5SL54_THET8	O34510	n:m	
Q5SL54_THET8	P94440	n:m	
Q5SL54_THET8	P54592	n:m	
Q5SL54_THET8	P55339	n:m	
Q5SL54_THET8	O34697	n:m	
Q5SL54_THET8	O34641	n:m	
Q5SL54_THET8	O34314	n:m	
Q5SL54_THET8	O34338	n:m	
Q5SL54_THET8	P49938	n:m	
Q5SL54_THET8	O07016	n:m	
Q5SL54_THET8	O06980	n:m	
Q5SL54_THET8	P94374	n:m	
Q5SL49	O34601	1:1	992598
Q5SL46_THET8	O31427	n:m	
Q5SL46_THET8	P46903	n:m	
Q5SL46_THET8	O34946	n:m	
Q5SL46_THET8	P96605	n:m	
Q5SL46_THET8	O34510	n:m	
Q5SL46_THET8	P94440	n:m	
Q5SL46_THET8	P54592	n:m	
Q5SL46_THET8	P55339	n:m	
Q5SL46_THET8	O34697	n:m	
Q5SL46_THET8	O34641	n:m	
Q5SL46_THET8	O34314	n:m	
Q5SL46_THET8	O34338	n:m	
Q5SL46_THET8	P49938	n:m	
Q5SL46_THET8	O07016	n:m	
Q5SL46_THET8	O06980	n:m	
Q5SL46_THET8	P94374	n:m	
Q5SL40_THET8	O34756	n:m	
Q5SL40_THET8	O32188	n:m	
Q5SL39_THET8	O34610	1:m	
Q5SL39_THET8	O34500	1:m	
Q5SL38_THET8	O34527	1:1	749807
Q5SL37_THET8	O34599	1:1	
Q5SL36	P20691	1:1	1113678
Q5SL35	P38493	1:1	1115094
Q5SL32_THET8	P80869	n:m	
Q5SL32_THET8	P12310	n:m	
Q5SL32_THET8	P80873	n:m	
Q5SL32_THET8	O07575	n:m	
Q5SL32_THET8	P40397	n:m	
Q5SL32_THET8	P40398	n:m	
Q5SL32_THET8	O31680	n:m	
Q5SL32_THET8	O34717	n:m	
Q5SL32_THET8	O31767	n:m	
Q5SL32_THET8	P14802	n:m	
Q5SL32_THET8	P50842	n:m	
Q5SL32_THET8	O34308	n:m	
Q5SL32_THET8	P39071	n:m	
Q5SL32_THET8	O34782	n:m	
Q5SL32_THET8	O32229	n:m	
Q5SL32_THET8	P46331	n:m	
Q5SL28	O05268	1:1	605446
Q5SL27_THET8	O35017	1:1	1014083
Q5SL23_THET8	P42062	n:m	
Q5SL23_THET8	P24138	n:m	
Q5SL23_THET8	P26903	n:m	
Q5SL21_THET8	P42064	1:m	
Q5SL21_THET8	P24136	1:m	851986
Q5SL21_THET8	P26905	1:m	
Q5SL20_THET8	P42065	1:m	
Q5SL20_THET8	P24137	1:m	
Q5SL20_THET8	C0SP98	1:m	
Q5SL19_THET8	P39066	1:1	
Q5SL18_THET8	P39067	1:1	1034755
Q5SL12_THET8	O34364	1:m	
Q5SL12_THET8	P39795	1:m	
Q5SL12_THET8	O05242	1:m	787836
Q5SL12_THET8	O06994	1:m	
Q5SL07_THET8	P97030	1:1	833416
Q5SL04_THET8	P19582	1:1	1087676
Q5SL02_THET8	P04990	1:1	1113117
Q5SKZ6_THET8	P54304	1:1	1044001
Q5SKZ0_THET8	P94534	1:1	
Q5SKY8_THET8	P94535	n:1	
Q5SKY6_THET8	P42968	n:1	
Q5SKY3_THET8	P37584	1:1	1036016
Q5SKY0_THET8	P12045	1:1	1112029
Q5SKX9_THET8	P12044	1:1	1078877
Q5SKX6_THET8	O31453	1:1	
Q5SKX5_THET8	O34447	n:1	
Q5SKX4_THET8	P70949	n:1	677141
Q5SKX3_THET8	O34389	1:m	1036460
Q5SKX3_THET8	P45868	1:m	
Q5SKX0	P54378	1:1	1089658
Q5SKW9	O32174	1:1	726002
Q5SKW8_THET8	P54376	1:1	713598
Q5SKW7	P54377	1:1	713597
Q5SKW6_THET8	P54575	1:1	1066170
Q5SKW5_THET8	P54570	n:1	
Q5SKW1_THET8	P06224	1:1	
Q5SKV9_THET8	P08495	1:1	
Q5SKV6_THET8	P80865	1:1	1113531
Q5SKV5_THET8	P80886	1:1	839767
Q5SKV2_THET8	P37572	1:1	1115099
Q5SKU8_THET8	Q04797	1:1	1110457
Q5SKU7_THET8	P19672	1:1	1083376
Q5SKU3_THET8	O07533	n:m	
Q5SKU3_THET8	P23966	n:m	
Q5SKU2	P55872	1:1	1110401
P60491	P55873	1:1	1040200
P61503	P54375	1:1	1110626
Q5SKT5_THET8	P07343	1:1	1111993
Q5SKT4_THET8	P45855	1:1	
Q5SKT1_THET8	P46354	1:1	1110666
Q5SKT0_THET8	O31727	1:1	1079141
Q5SKS9_THET8	P71021	1:1	852424
Q5SKS6	O35031	1:1	1087109
Q5SKS4	O31776	1:1	
Q5SKS1	O31795	1:1	1115121
Q9LCX3	O06491	1:1	779789
Q5SKR5	O32033	1:1	1113039
Q5SKR4_THET8	P94360	1:1	
P68591	P39157	1:1	1068697
Q5SKQ5_THET8	P42246	n:m	
Q5SKQ5_THET8	O34977	n:m	
Q5SKQ2_THET8	O06485	1:m	
Q5SKQ2_THET8	P55180	1:m	
Q5SKP8_THET8	P39574	1:1	
Q5SKP7_THET8	O34966	1:m	
Q5SKP7_THET8	O34385	1:m	
Q5SKP4_THET8	P32397	1:1	1053581
Q5SKP3_THET8	P32396	1:1	715158
Q5SKP2	P32395	1:1	726310
Q5SKN9	P40871	1:1	
Q5SKN7	P52999	1:1	1087262
Q5SKN6	P53557	1:1	
Q5SKN5_THET8	A0A6M4JI41_BACSU	1:1	1102098
Q5SKN2_THET8	P37538	1:1	1109912
Q5SKN1	P18185	1:m	
Q5SKN1	P25994	1:m	1112028
Q5SKM9	P80698	1:1	1094216
Q5SKM8	P80244	1:1	
Q5SKM7	P50866	1:1	1115205
Q5SKM6_THET8	O32090	1:1	1111325
Q5SKM1_THET8	P80240	n:1	1100975
Q5SKL8_THET8	O31775	1:1	1018849
Q5SKL6_THET8	P94585	1:1	
Q5SKL3_THET8	P39778	1:1	1115206
Q5SKL2_THET8	P39070	1:1	1115442
Q5SKK0_THET8	P71053	1:1	
Q5SKI9_THET8	P50863	1:1	
Q84BQ9	P54460	1:1	1087188
Q5SKI6_THET8	P54461	1:1	1097980
Q5SKI3_THET8	P37959	n:1	
Q5SKI2_THET8	P94574	1:1	
Q5SKH8_THET8	O34846	1:1	
Q5SKH7_THET8	O06736	1:m	1095631
Q5SKH7_THET8	O34764	1:m	
Q5SKH6_THET8	O34744	1:1	
Q5SKH5_THET8	O34578	1:1	744929
Q5SKH4_THET8	O06737	1:m	
Q5SKH4_THET8	P94498	1:m	1105784
Q5SKH3_THET8	O34813	1:1	1044845
Q5SKH2_THET8	O34394	1:1	800687
Q5SKH1_THET8	O32213	1:1	
Q5SKG9	P25053	1:m	
Q5SKG9	P39594	1:m	1111283
Q5SKG7	O31618	1:1	831337
Q5SKG6_THET8	O31616	1:1	
Q5SKG5	P45740	1:1	1087515
Q5SKG4_THET8	O34691	1:1	852145
Q5SKG3_THET8	O31620	1:m	
Q5SKG3_THET8	P39610	1:m	
Q5SKF8_THET8	O31520	n:m	
Q5SKF8_THET8	P39129	n:m	
Q5SKF8_THET8	P94530	n:m	
Q5SKF8_THET8	P53561	n:m	
Q5SKF8_THET8	O34518	n:m	
Q5SKF8_THET8	O32154	n:m	
Q5SKF8_THET8	O07011	n:m	
Q5SKF8_THET8	O06991	n:m	
Q5SKF5_THET8	O32156	1:1	
Q5SKF4_THET8	P94490	1:1	
Q5SKF3_THET8	O07618	1:1	1099680
Q5SKF0_THET8	P42317	1:1	
Q5SKE9_THET8	O31427	n:m	
Q5SKE9_THET8	P46903	n:m	
Q5SKE9_THET8	O34946	n:m	
Q5SKE9_THET8	P96605	n:m	
Q5SKE9_THET8	O34510	n:m	
Q5SKE9_THET8	P94440	n:m	
Q5SKE9_THET8	P54592	n:m	
Q5SKE9_THET8	P55339	n:m	
Q5SKE9_THET8	O34697	n:m	
Q5SKE9_THET8	O34641	n:m	
Q5SKE9_THET8	O34314	n:m	
Q5SKE9_THET8	O34338	n:m	
Q5SKE9_THET8	P49938	n:m	
Q5SKE9_THET8	O07016	n:m	
Q5SKE9_THET8	O06980	n:m	
Q5SKE9_THET8	P94374	n:m	
Q5SKE6	O32047	1:1	1089079
P48515	A0A6M3ZBI5_BACSU	1:1	851729
P48514	P32727	1:1	1095269
Q5SKD9	P37527	1:1	1114142
Q5SKD8_THET8	O31844	1:1	605726
Q5SKD7_THET8	O32219	1:1	
Q5SKD6	P37528	1:1	1114035
P54263	P39772	1:1	1054325
Q5SKD4_THET8	Q45494	1:1	
Q5SKD3_THET8	O31570	1:1	995451
Q5SKD2	O32038	1:1	1054323
P56194	O32039	1:1	1112128
Q5SKC7_THET8	O32209	n:1	714103
Q5SKC1	O34651	1:1	1087049
Q5SKB9_THET8	O31788	1:1	
Q5SMF6	P09339	1:1	1111872
Q5SMF3_THET8	O31501	1:1	
Q5SKB4_THET8	O07585	1:m	
Q5SKB4_THET8	O07589	1:m	
Q5SKB4_THET8	P54505	1:m	
Q5SKB4_THET8	P54428	1:m	
Q5SKB4_THET8	O05241	1:m	
Q5SKB3_THET8	P19079	1:1	
Q5SKA9_THET8	O34635	1:1	838244
Q5SKA7	P37949	1:1	851648
Q5SKA5_THET8	P96587	1:1	
Q5SKA2_THET8	O34805	n:1	825733
Q5SKA1_THET8	O34832	n:m	
Q5SKA1_THET8	O31568	n:m	
Q5SKA1_THET8	O34451	n:m	
Q5SKA1_THET8	P49937	n:m	
Q5SKA1_THET8	P49936	n:m	
Q5SKA0_THET8	O34756	n:m	
Q5SKA0_THET8	O32188	n:m	
Q5SK98_THET8	P80869	n:m	
Q5SK98_THET8	P12310	n:m	
Q5SK98_THET8	P80873	n:m	
Q5SK98_THET8	O07575	n:m	
Q5SK98_THET8	P40397	n:m	
Q5SK98_THET8	P40398	n:m	
Q5SK98_THET8	O31680	n:m	
Q5SK98_THET8	O34717	n:m	
Q5SK98_THET8	O31767	n:m	
Q5SK98_THET8	P14802	n:m	
Q5SK98_THET8	P50842	n:m	
Q5SK98_THET8	O34308	n:m	
Q5SK98_THET8	P39071	n:m	
Q5SK98_THET8	O34782	n:m	
Q5SK98_THET8	O32229	n:m	
Q5SK98_THET8	P46331	n:m	
Q5SK93_THET8	O05218	1:1	
Q5SK90_THET8	O32135	1:1	1089567
Q5SK88	O31631	n:m	
Q5SK88	O31632	n:m	
Q5SK88	O05394	n:m	
Q5SK86_THET8	P37959	n:1	
Q5SK78_THET8	P37945	n:1	
Q5SK67	P25995	1:1	1043574
Q5SK66	P05654	1:1	765440
Q5SK65	P39765	1:1	1032667
Q5SMG7_THET8	O05493	n:m	
Q5SMG7_THET8	P54437	n:m	
Q5SMG7_THET8	O32134	n:m	
Q5SMG6_THET8	O32264	1:1	
Q5SK58	P25954	1:1	
Q5SK55_THET8	P94535	n:1	1088838
Q5SK53_THET8	P20692	1:1	1006648
Q5SK52_THET8	P39912	n:1	
Q5SK51_THET8	P54721	1:1	814744
Q5SK45_THET8	A0A6M4JEQ6_BACSU	n:m	
Q5SK45_THET8	Q9JMQ1	n:m	
Q5SK45_THET8	P25144	n:m	
Q5SK45_THET8	P36944	n:m	
Q5SK43_THET8	O06724	1:1	1069052
Q5SK41_THET8	P12040	1:1	1088695
Q5SK40_THET8	P12039	1:1	1114175
Q5SK38_THET8	P06628	1:1	
Q5SK33_THET8	P39599	1:1	1069489
Q5SK31	O31509	1:m	
Q5SK31	P94447	1:m	1111594
Q5SK29_THET8	O32218	1:1	745284
Q5SK28	P70998	1:1	1058169
Q5SK19_THET8	P70995	1:1	1024067
Q5SK18_THET8	P54476	1:1	
Q5SK17_THET8	O05493	n:m	
Q5SK17_THET8	P54437	n:m	
Q5SK17_THET8	O32134	n:m	744928
Q5SK11_THET8	P37875	1:1	1045555
Q5SK10_THET8	P45742	1:1	1067757
Q5SK09_THET8	P39134	1:1	1070172
Q5SK02_THET8	P45693	1:1	1058683
Q5SK01	P94464	1:1	741667
Q5SK00_THET8	P0CI77	1:m	1076819
Q5SK00_THET8	P54552	1:m	
Q5SJZ7_THET8	O31754	1:1	1109882
Q5SJZ6	O31753	1:1	1114962
Q5SJZ5_THET8	O31752	1:1	1057159
Q9WX76	P81101	1:1	1111969
P43891	O31749	1:1	1092201
P43895	P80700	1:1	1095162
P80371	P21464	1:1	1099008
Q5SJZ0_THET8	P94427	n:m	1059974
Q5SJZ0_THET8	P36839	n:m	
Q5SJZ0_THET8	P38021	n:m	
Q5SJY9_THET8	P54570	n:1	
Q5SJY7_THET8	P42236	n:m	
Q5SJY7_THET8	O06478	n:m	
Q5SJY7_THET8	O34660	n:m	
Q5SJY7_THET8	P71016	n:m	
Q5SJY7_THET8	P94358	n:m	
Q5SJY7_THET8	P42412	n:m	
Q84FH6	P19080	1:1	1088448
Q5SJX8_THET8	O34514	1:1	
Q5SJX7	P37464	1:1	1077097
Q5SJX5_THET8	P96689	1:1	
Q5SJX2_THET8	P94577	1:1	
Q5SJX0_THET8	P42982	1:1	
Q5SJW4_THET8	P28618	1:1	
Q5SJW2_THET8	O32178	1:1	990394
Q5SJW1_THET8	O32177	1:1	1099673
Q5SJW0_THET8	O32176	1:1	1067798
Q5SJV9	Q06752	1:1	1093070
Q5SJV8	P37565	1:1	1100024
Q5SJV7_THET8	O07552	1:m	
Q5SJV7_THET8	P42297	1:m	
Q5SJV6_THET8	O05248	1:1	1093559
Q5SJV3_THET8	P51834	1:1	851665
Q8RR57	O32230	1:1	1115379
Q5SMF9_THET8	O07620	1:1	1063452
Q5SMF8_THET8	O34425	1:m	
Q5SMF8_THET8	P09124	1:m	
P09403	P40924	1:1	1114041
Q5SJV0_THET8	BACSU01867	1:1	
Q5SJU9_THET8	P94427	n:m	
Q5SJU9_THET8	P36839	n:m	
Q5SJU9_THET8	P38021	n:m	1059971
Q5SJU8_THET8	O32231	1:1	851661
Q56416	O34932	1:1	1097403
Q5SJT0_THET8	O34331	1:1	1104044
Q5SJS9	O34797	1:1	1040062
Q5SJS8_THET8	P12048	1:1	807533
Q5SJS7	P25811	1:1	1111302
Q5SJS4	P71084	1:m	
Q5SJS4	P30949	1:m	1059968
Q5SJS3_THET8	P0CW82	1:m	
Q5SJS3_THET8	P0CW80	1:m	
Q5SJS3_THET8	O32227	1:m	759730
Q5SJS0_THET8	P21882	1:1	
Q5SJR9_THET8	P21881	n:m	1106164
Q5SJR9_THET8	P37940	n:m	
Q5SJR8_THET8	O07587	1:1	1004033
Q5SJR7_THET8	O31427	n:m	
Q5SJR7_THET8	P46903	n:m	
Q5SJR7_THET8	O34946	n:m	
Q5SJR7_THET8	P96605	n:m	
Q5SJR7_THET8	O34510	n:m	
Q5SJR7_THET8	P94440	n:m	
Q5SJR7_THET8	P54592	n:m	
Q5SJR7_THET8	P55339	n:m	
Q5SJR7_THET8	O34697	n:m	
Q5SJR7_THET8	O34641	n:m	
Q5SJR7_THET8	O34314	n:m	
Q5SJR7_THET8	O34338	n:m	
Q5SJR7_THET8	P49938	n:m	
Q5SJR7_THET8	O07016	n:m	
Q5SJR7_THET8	O06980	n:m	
Q5SJR7_THET8	P94374	n:m	
Q5SJR1	P27876	1:1	1066444
Q5SJR0_THET8	O34653	1:1	754692
Q5SJQ9	O32042	1:1	1062286
Q5SJQ8_THET8	P70945	n:m	
Q5SJQ8_THET8	P32436	n:m	
Q5SJQ7_THET8	P70945	n:m	
Q5SJQ7_THET8	P32436	n:m	770260
Q5SJQ6_THET8	P35136	1:1	851797
Q5SJQ1	Q04796	1:1	1092732
Q5SJP9_THET8	P42236	n:m	
Q5SJP9_THET8	O06478	n:m	
Q5SJP9_THET8	O34660	n:m	
Q5SJP9_THET8	P71016	n:m	
Q5SJP9_THET8	P94358	n:m	
Q5SJP9_THET8	P42412	n:m	
Q5SJP8	C0SPC0	1:1	
Q5SJN4_THET8	P46352	1:1	
Q5SJN3_THET8	O32151	1:1	
Q5SJN1_THET8	O31519	n:m	
Q5SJN1_THET8	P39128	n:m	
Q5SJN1_THET8	P94529	n:m	
Q5SJN1_THET8	O34706	n:m	
Q5SJN1_THET8	O32155	n:m	
Q5SJN1_THET8	O32261	n:m	
Q5SJM7_THET8	P42406	1:m	
Q5SJM7_THET8	P96673	1:m	
Q5SJM7_THET8	O34844	1:m	
Q5SJM7_THET8	P37486	1:m	
Q5SJM5_THET8	P38032	1:1	
Q5SJM4	Q9KWZ1	1:1	1097992
Q5SJM3_THET8	P39666	1:1	1113370
Q5SJM2_THET8	P37512	1:1	
Q5SJL2_THET8	P94428	1:1	
Q5SJK6_THET8	P42244	n:m	
Q5SJK6_THET8	P94413	n:m	
Q5SJK6_THET8	O34903	n:m	
Q5SJK6_THET8	P35163	n:m	
Q5SJK6_THET8	P54443	n:m	
Q5SJK6_THET8	P13792	n:m	
Q5SJK6_THET8	O34951	n:m	
Q5SJK6_THET8	O32192	n:m	
Q5SJK6_THET8	P94504	n:m	
Q5SJK6_THET8	O06978	n:m	
Q5SJK6_THET8	P42421	n:m	
Q5SJK6_THET8	P37478	n:m	
Q5SJK5_THET8	O32193	n:1	
Q5SJK1_THET8	O31711	n:m	
Q5SJK1_THET8	O34392	n:m	
Q5SJK1_THET8	O34979	n:m	
Q5SJK0_THET8	O31712	1:m	853030
Q5SJK0_THET8	P46324	1:m	
Q5SJH9_THET8	O34607	1:1	736673
Q5SJH8_THET8	P96686	n:m	
Q5SJH8_THET8	P94439	n:m	
Q5SJH8_THET8	O07528	n:m	
Q5SJH8_THET8	O34723	n:m	
Q5SJH8_THET8	O32197	n:m	
Q5SJH8_THET8	O07019	n:m	
Q5SJH8_THET8	P13800	n:m	
Q5SJH8_THET8	P55184	n:m	
P60490	O31742	1:1	1115173
Q5SJH6	O31741	1:1	1078154
Q5SJH3	P21474	1:1	851684
Q5SJH2_THET8	P37105	1:1	851650
Q5SJG8_THET8	P96610	1:m	
Q5SJG8_THET8	C0SP78	1:m	
Q5SJG8_THET8	P46348	1:m	1056969
Q5SJG8_THET8	O07084	1:m	
P41255	P37477	1:1	1054324
Q5SJG6	P80240	n:1	
Q5SJG4_THET8	P19638	1:1	726123
Q5SJG3	P46347	1:1	
Q5SJG2_THET8	P46343	1:1	1100323
Q5SJG0	P54466	1:1	1008387
Q5SJF9_THET8	P54465	1:1	1105899
Q5SJF8	P54374	1:1	1071744
P52028	O34996	1:1	679286
Q5SMH2	O34824	1:1	1039133
Q5SMH0	O32054	1:1	815726
Q5SMG8	O34442	1:1	812653
Q5SJF2_THET8	P17620	1:1	1094391
Q5SJF1_THET8	P16440	1:1	1110540
Q5SJF0_THET8	P17618	1:1	1071959
Q5SJE9_THET8	Q03222	1:1	851672
Q5SJE8	P19669	1:1	1061687
P56690	Q45477	1:1	604881
Q5SJE6_THET8	O31689	1:m	
Q5SJE6_THET8	P54518	1:m	779674
Q5SJE5_THET8	O34876	1:1	1093830
Q5SJE2	O31662	1:1	
Q5SJE1	Q03223	1:1	691756
Q5SJD9	P55343	1:1	
Q5SJD8	Q07876	1:1	1085811
Q5SJD5_THET8	P96613	1:1	1109972
Q5SJD3_THET8	Q03521	1:1	851649
Q5SJD2	Q03522	1:1	782320
Q5SJD1_THET8	O07639	n:m	1108566
Q5SJD1_THET8	P07373	n:m	
Q5SJD1_THET8	P39604	n:m	
Q5SJD0_THET8	P37585	1:1	
Q5SJC9_THET8	P40778	1:1	667486
Q5SJC8	P18579	1:1	
Q5SJC6_THET8	P28264	1:1	1100849
Q5SJC5_THET8	P17865	1:1	1113449
Q5SJC0	P07601	1:1	1103336
Q5SJB9	P07600	1:1	1077767
P26996	O31498	1:1	1109484
Q5SJB6_THET8	O05252	1:1	726078
Q5SJB5_THET8	O05253	1:1	851870
Q5SJB0_THET8	P21203	1:1	
Q5SJA3_THET8	P37945	n:1	1090371
Q5SJA1	P13714	1:1	
Q5SJ99_THET8	O34447	n:1	
Q5SJ97_THET8	P45866	1:1	
Q5SJ95_THET8	O32107	1:1	1109824
Q5SJ94	P54382	1:1	1111808
Q5SJ93	P54520	1:1	1002208
Q5SJ91_THET8	P49787	1:1	
Q5SJ90_THET8	P49786	1:1	851706
Q76G20	P49778	1:1	1115242
Q5SJ86_THET8	O34493	1:1	
Q5SJ77_THET8	P94376	1:1	
Q5SJ76	P21473	1:1	1111777
Q5SJ75	P50849	1:1	1115311
Q5SJ74_THET8	Q45493	1:m	1112294
Q5SJ74_THET8	O31760	1:m	
Q5SJ73_THET8	O34431	1:1	
Q5SJ70_THET8	O34421	n:m	
Q5SJ70_THET8	P45857	n:m	
Q5SJ70_THET8	P45867	n:m	1067788
Q5SJ69_THET8	P94550	1:1	
Q5SJ68_THET8	P94551	1:1	733237
Q5SJ66_THET8	P54541	1:1	1080756
Q5SJ64_THET8	P94544	1:1	803938
P42778	P39762	1:1	
Q5SJ59_THET8	O06008	1:1	
Q5SJ58	O31631	n:m	
Q5SJ58	O31632	n:m	
Q5SJ58	O05394	n:m	
Q5SJ55_THET8	P54537	1:m	
Q5SJ55_THET8	O34677	1:m	
Q5SJ50_THET8	P03964	1:1	1098280
Q5SJ49	O35006	1:1	1095575
Q5SJ45	Q05873	1:1	604880
Q5SJ44_THET8	P42399	1:m	
Q5SJ44_THET8	P42200	1:m	1030055
Q5SJ44_THET8	P54536	1:m	
Q5SJ44_THET8	O34671	1:m	
Q5SJ44_THET8	O34315	1:m	
Q5SJ44_THET8	P54953	1:m	
Q5SJ43_THET8	P42400	1:m	
Q5SJ43_THET8	P42199	1:m	
Q5SJ43_THET8	P54535	1:m	
Q5SJ43_THET8	O34563	1:m	
Q5SJ43_THET8	P54952	1:m	
Q5SJ41_THET8	O32081	1:1	
Q5SJ34_THET8	P39155	1:1	
Q5SJ31_THET8	P38050	1:m	
Q5SJ31_THET8	P39793	1:m	851708
Q5SJ31_THET8	P70997	1:m	
Q5SJ29_THET8	P37518	1:1	1110876
Q5SJ28	P39121	1:1	1001027
Q5SJ26	Q02169	1:1	1107664
Q5SJ23_THET8	Q03524	1:m	1100393
Q5SJ23_THET8	O32032	1:m	
Q5SJ21_THET8	O31845	1:1	1085394
Q5SJ18	P36843	1:1	1111716
Q5SJ17_THET8	P23715	1:1	1113833
Q5SJ15_THET8	P18186	1:1	
Q5SJ14_THET8	P42981	1:1	825887
Q5SJ11	Q45064	1:1	1080554
Q5SJ09_THET8	P54591	1:1	
Q5SJ05_THET8	O32075	1:1	
Q5SJ04_THET8	P94565	1:1	1016547
Q5SJ03	P37253	1:1	1113820
Q5SJ02_THET8	P37252	1:1	1094068
Q5SJ01_THET8	P37251	1:1	1113696
Q5SIZ9_THET8	P50736	1:1	838166
Q5SIY7_THET8	P21656	1:1	1106022
Q9ZND5	P80858	1:1	1111871
Q5SIY4	P05645	1:1	1082163
Q5SIY1_THET8	P71079	1:1	
Q5SIY0	P51785	1:1	
Q5SIX6_THET8	O32209	n:1	
Q5SIX4_THET8	O34992	n:1	
Q5SIX3_THET8	O07639	n:m	
Q5SIX3_THET8	P07373	n:m	
Q5SIX3_THET8	P39604	n:m	
Q5SIX1_THET8	Q01464	1:1	851677
Q5SIX0_THET8	O32238	1:1	
Q5SIW6	P39062	n:1	851679
Q5SIW4_THET8	P39062	n:1	
Q5SIW3	P28366	1:1	1064662
Q5SIW2	O05518	1:1	1022663
Q5SIV7_THET8	P50830	1:1	1097643
Q5SIV2_THET8	P45856	1:1	1107108
Q5SIV1_THET8	P96680	1:1	
Q5SIV0_THET8	Q04805	n:1	849099
Q5SIU9_THET8	Q04805	n:1	
Q5SIU8_THET8	O34942	1:1	851668
Q56404	P23445	1:m	
Q56404	P37809	1:m	
Q56404	P37808	1:m	
Q5SIT4_THET8	P39587	n:1	840124
Q5SIT1	Q795U4	1:1	650073
Q5SIS6_THET8	O06714	1:1	851896
Q5SIS5_THET8	P23479	1:1	
Q5SIS2_THET8	P54479	1:1	845920
Q5SIS0_THET8	P28368	1:1	1097705
Q5SIR9_THET8	P70970	1:m	
Q5SIR9_THET8	O34814	1:m	
Q5SIR8_THET8	O34666	1:m	1023240
Q5SIR8_THET8	O35002	1:m	
P23395	P37465	1:1	1096611
Q5SIR4_THET8	Q796Y8	1:1	851692
Q5SIR3_THET8	O32436	1:1	
Q5SIR1_THET8	O05254	1:1	
Q5SIR0_THET8	P36947	1:1	
Q5SMF2_THET8	O31701	1:1	
Q5SME9	O31778	1:1	1087747
Q5SIQ7	P39149	1:1	1113038
Q5SIQ6_THET8	O34753	1:1	851709
Q5SIQ5_THET8	P39131	1:1	
Q5SIQ4_THET8	O31561	n:m	
Q5SIQ4_THET8	O31695	n:m	
Q5SIQ4_THET8	O32203	n:m	
Q5SIP9_THET8	O34358	1:m	
Q5SIP9_THET8	Q9R9I1	1:m	
Q5SIP9_THET8	P39668	1:m	852351
Q5SIP8_THET8	O34990	1:1	1088696
Q9RA54	P49850	1:1	993596
Q56239	P49849	1:1	1112473
Q5SIP0	P12425	1:1	
Q5SIN4_THET8	O31427	n:m	
Q5SIN4_THET8	P46903	n:m	
Q5SIN4_THET8	O34946	n:m	
Q5SIN4_THET8	P96605	n:m	
Q5SIN4_THET8	O34510	n:m	
Q5SIN4_THET8	P94440	n:m	
Q5SIN4_THET8	P54592	n:m	
Q5SIN4_THET8	P55339	n:m	
Q5SIN4_THET8	O34697	n:m	
Q5SIN4_THET8	O34641	n:m	
Q5SIN4_THET8	O34314	n:m	
Q5SIN4_THET8	O34338	n:m	
Q5SIN4_THET8	P49938	n:m	
Q5SIN4_THET8	O07016	n:m	
Q5SIN4_THET8	O06980	n:m	
Q5SIN4_THET8	P94374	n:m	
Q5SIN3_THET8	BACSU01172	1:1	
Q5SIN2_THET8	P42062	n:m	
Q5SIN2_THET8	P24138	n:m	
Q5SIN2_THET8	P26903	n:m	
Q5SIN1_THET8	P42063	n:m	
Q5SIN1_THET8	P24139	n:m	
Q5SIN1_THET8	P26904	n:m	
Q5SIM8_THET8	P54719	1:m	
Q5SIM8_THET8	O07549	1:m	
Q5SIM8_THET8	O31708	1:m	
Q5SIM7_THET8	P54718	1:m	
Q5SIM7_THET8	P71082	1:m	
Q5SIM7_THET8	O07550	1:m	
Q5SIM7_THET8	P45861	1:m	
Q5SIM6_THET8	P39120	1:1	
Q5SIM5_THET8	O31619	1:m	
Q5SIM5_THET8	O31702	1:m	
Q5SIM1_THET8	O07584	1:1	852359
P19436	P68573	1:m	
P19436	P08821	1:m	1030195
Q5SIL7_THET8	P96686	n:m	
Q5SIL7_THET8	P94439	n:m	
Q5SIL7_THET8	O07528	n:m	
Q5SIL7_THET8	O34723	n:m	
Q5SIL7_THET8	O32197	n:m	
Q5SIL7_THET8	O07019	n:m	
Q5SIL7_THET8	P13800	n:m	852102
Q5SIL7_THET8	P55184	n:m	
Q5SIL6_THET8	O31503	1:m	
Q5SIL6_THET8	O31545	1:m	
Q5SIL5	P54517	1:1	1078103
Q5SIL4	P05653	1:1	1112307
Q5SIK6_THET8	O32193	n:1	
Q5SIK4_THET8	O07020	1:1	1055609
Q5SIK3_THET8	O07021	1:1	1109015
Q5SIK1_THET8	P71013	1:1	
Q5SIK0_THET8	O34731	1:1	
Q5SIJ5	P37564	1:1	1103841
Q5SIJ1	P39126	n:1	
Q5SII5	P31104	1:1	1114068
Q5SII4	P37944	1:1	777705
Q5SII3_THET8	P31102	1:1	1056459
Q5SIH8_THET8	P50743	1:1	1108859
Q5SIH7	O07595	1:1	725730
Q5SIH5	P04948	1:1	1113014
P80380	P21477	1:1	1109588
Q5SIH0	P25151	1:1	
Q5SIG6_THET8	O31820	n:1	
Q5SIG1_THET8	O34756	n:m	
Q5SIG1_THET8	O32188	n:m	
Q5SIG0_THET8	P45706	1:1	
Q5SIE7_THET8	O34580	1:1	784207
Q5SIE5_THET8	P54553	1:1	707236
Q5SIE4_THET8	O07610	n:m	
Q5SIE4_THET8	P94547	n:m	
Q5SIE0_THET8	O34893	1:m	1107107
Q5SIE0_THET8	P94549	1:m	
Q5SID9_THET8	O34925	1:1	
Q5SID8_THET8	P42246	n:m	
Q5SID8_THET8	O34977	n:m	
Q56242	O34863	1:1	828571
Q5SID2	P39815	1:1	1078769
Q7SIB9	O34727	1:1	1095576
Q5SIC9_THET8	O34912	1:1	782453
Q5SIC8_THET8	Q03224	1:1	1095703
Q5SIC5_THET8	P37545	1:1	1065156
Q5SIC1_THET8	P08066	1:1	
Q5SIC0_THET8	P08065	1:1	
Q5SIB5_THET8	O31427	n:m	
Q5SIB5_THET8	P46903	n:m	
Q5SIB5_THET8	O34946	n:m	
Q5SIB5_THET8	P96605	n:m	
Q5SIB5_THET8	O34510	n:m	
Q5SIB5_THET8	P94440	n:m	
Q5SIB5_THET8	P54592	n:m	
Q5SIB5_THET8	P55339	n:m	
Q5SIB5_THET8	O34697	n:m	
Q5SIB5_THET8	O34641	n:m	
Q5SIB5_THET8	O34314	n:m	
Q5SIB5_THET8	O34338	n:m	
Q5SIB5_THET8	P49938	n:m	
Q5SIB5_THET8	O07016	n:m	
Q5SIB5_THET8	O06980	n:m	
Q5SIB5_THET8	P94374	n:m	
Q5SIB1_THET8	O07610	n:m	
Q5SIB1_THET8	P94547	n:m	
P80374	P21470	1:1	993678
P60488	P70974	1:1	1115382
Q5SIA8	P13242	1:1	1114224
Q5SIA6_THET8	P39812	1:1	828418
Q5SIA4_THET8	P37469	1:1	700611
Q5SI98_THET8	O07536	1:1	854448
Q5SI97_THET8	O07535	1:m	838268
Q5SI97_THET8	O32046	1:m	
Q5SI93_THET8	P14949	n:1	
Q9RA63	P37571	1:m	1098297
Q9RA63	O31673	1:m	
Q56237	P17631	n:1	
Q56236	P15874	1:1	1056789
Q56235	P17820	1:1	851655
Q5SI82	P37476	1:1	
Q5SI81_THET8	P39587	n:1	
Q5SI78_THET8	P39138	1:1	1098776
Q5SI75_THET8	P94474	1:1	
Q5SI73_THET8	P54175	1:1	1101747
Q5SI72_THET8	P42244	n:m	
Q5SI72_THET8	P94413	n:m	
Q5SI72_THET8	O34903	n:m	
Q5SI72_THET8	P35163	n:m	
Q5SI72_THET8	P54443	n:m	
Q5SI72_THET8	P13792	n:m	
Q5SI72_THET8	O34951	n:m	
Q5SI72_THET8	O32192	n:m	
Q5SI72_THET8	P94504	n:m	
Q5SI72_THET8	O06978	n:m	
Q5SI72_THET8	P42421	n:m	
Q5SI72_THET8	P37478	n:m	
Q5SI68	P16618	1:1	1111748
Q5SI61_THET8	P12047	1:1	1102970
Q5SI59_THET8	P12046	1:1	790460
Q5SI57	P12041	1:1	1094294
Q5SMH8	P12042	1:1	1095464
Q5SMH7_THET8	P00497	1:1	1114021
Q5SI56	P39148	1:1	1110288
Q5SI55_THET8	P17894	1:1	1115055
Q5SI54_THET8	O34873	1:1	1016548
Q5SI53_THET8	O34812	1:1	
Q5SI48_THET8	O31605	1:1	
P33197	P39126	n:1	
Q5SI41_THET8	P39776	1:1	
Q5SI34_THET8	P14205	1:1	1013158
Q5SI32	P14951	1:1	1112370
Q5SI31_THET8	P14193	n:1	1084668
Q5SI30_THET8	O32028	1:1	636094
Q5SI29	O34667	1:1	1032665
Q5SI28	P29727	1:1	758344
Q5SI23_THET8	O31825	1:1	1080755
Q5SI22_THET8	O32244	1:1	1109475
Q5SI21	P17893	1:1	1030915
Q5SI20_THET8	O35033	1:1	1094696
Q5SI18	O34328	1:1	1063871
Q5SI17_THET8	O06988	n:1	787833
Q5SI16	P11742	1:1	
Q5SI15_THET8	P07372	1:1	1063232
Q5SI14	P55342	1:1	1081071
Q5SI04_THET8	P50735	1:m	
Q5SI04_THET8	P39633	1:m	
Q5SI02_THET8	P94391	1:m	
Q5SI02_THET8	P39634	1:m	604369
Q5SI01_THET8	O32179	1:1	
Q5SI00_THET8	O05494	1:m	
Q5SI00_THET8	O07007	1:m	
Q5SHZ8	O31777	1:1	1008272
Q5SHZ4	P05652	1:m	1112306
Q5SHZ4	Q59192	1:m	
Q5SHZ3	P96612	1:1	1041514
Q5SHZ2	P37470	1:1	1037071
Q5SHZ1	P14194	1:1	1064408
Q5SHY7_THET8	P42244	n:m	
Q5SHY7_THET8	P94413	n:m	
Q5SHY7_THET8	O34903	n:m	
Q5SHY7_THET8	P35163	n:m	
Q5SHY7_THET8	P54443	n:m	
Q5SHY7_THET8	P13792	n:m	851833
Q5SHY7_THET8	O34951	n:m	
Q5SHY7_THET8	O32192	n:m	
Q5SHY7_THET8	P94504	n:m	
Q5SHY7_THET8	O06978	n:m	
Q5SHY7_THET8	P42421	n:m	
Q5SHY7_THET8	P37478	n:m	
Q5SHY3_THET8	O31561	n:m	
Q5SHY3_THET8	O31695	n:m	
Q5SHY3_THET8	O32203	n:m	
Q5SHY2_THET8	P30950	1:1	1113626
Q5SHY1	P24281	1:1	1092343
Q5SHY0	P24277	1:1	1115261
Q5SHX5_THET8	P39839	1:1	
Q5SHX3	P37537	1:1	1053911
Q5SHW3_THET8	O07513	1:1	1088593
Q5SHW2_THET8	P54462	1:1	1087749
Q5SHW0	Q08432	1:1	
Q5SHV7_THET8	P54501	1:1	707228
Q5SHV0_THET8	O34992	n:1	
Q5SHU9	P70973	1:1	1101104
Q5SHU8_THET8	P42063	n:m	699306
Q5SHU8_THET8	P24139	n:m	
Q5SHU8_THET8	P26904	n:m	
Q5SHU7_THET8	P42062	n:m	
Q5SHU7_THET8	P24138	n:m	
Q5SHU7_THET8	P26903	n:m	
Q5SHU6_THET8	A0A6M4JM05_BACSU	1:1	
Q5SHU5_THET8	O32113	1:1	992963
Q5SHU3_THET8	P14193	n:1	
Q5SHT8	P54419	1:1	1105217
Q5SHT7	O05412	1:m	
Q5SHT7	P94556	1:m	1036963
Q5SHT6_THET8	O06986	1:1	
Q5SHT5	P94545	1:1	1112474
Q5SHT3_THET8	O06988	n:1	
Q5SHS8_THET8	O07009	1:m	
Q5SHS8_THET8	O06989	1:m	841743
Q5SHS6	P94558	1:1	1101543
Q5SHS5_THET8	P31114	1:m	1102245
Q5SHS5_THET8	P54383	1:m	
Q5SHS3	O05521	1:1	1060152
Q5SHR9_THET8	P96661	n:m	
Q5SHR9_THET8	P39649	n:m	
Q9Z9H5	P20277	1:1	1104561
Q5SHR6	P20429	1:1	1115356
P80373	P21466	1:1	1109661
P80376	P04969	1:1	1057304
P80377	P20282	1:1	1053188
Q5SHR1	P20458	1:1	1115252
Q5SHR0_THET8	P19994	1:1	1112395
Q5SHQ9	P16304	1:1	1112715
Q5SHQ8	P16336	1:1	1111635
Q5SHQ7	P19946	1:1	1038218
Q5SHQ6	P19947	1:1	1107646
Q5SHQ5	P21467	1:1	1112182
Q5SHQ4	P46899	1:1	1111852
P0DOY8	P46898	1:1	1096471
P0DOY9	P12879	1:1	1112569
P0DOY6	P12878	1:1	1110724
Q5SHQ0	P12877	1:1	1113649
Q5SHP9	P0CI78	1:1	1109610
Q5SHP8	P12875	1:1	1114514
P0DOY7	P12874	1:1	1108402
Q5SHP6	P12873	1:1	1032388
P60489	P14577	1:1	1115423
P80372	P21465	1:1	851647
Q5SHP3	P42060	1:1	1109511
Q5SHP2	P21476	1:1	1115365
P60405	P42919	1:1	1113959
Q5SHP0	P42924	1:1	1078821
Q5SHN9	P42921	1:1	1093561
Q5SHN8	P42920	1:1	1115404
Q5SHN7	P21471	1:1	1114442
Q5SHN6	P33166	n:1	
Q5SHN5	P80868	1:1	851654
P17291	P21469	1:1	1111540
Q5SHN3	P21472	1:1	1037757
Q5SHN2_THET8	P54542	1:1	
Q5SHN1_THET8	P71000	1:1	846919
Q5SHM7_THET8	O31464	1:m	
Q5SHM7_THET8	O34708	1:m	
Q5SHM7_THET8	Q45068	1:m	
Q5SHM7_THET8	O32060	1:m	
Q5SHM5_THET8	O32232	1:1	998461
Q5SHL7_THET8	O05243	1:1	1103869
Q5SHL6	P39645	1:1	1103504
Q5SHL3_THET8	O54408	1:1	1072148
Q5SHL0_THET8	O32220	1:1	
Q5SHK8_THET8	P42244	n:m	
Q5SHK8_THET8	P94413	n:m	
Q5SHK8_THET8	O34903	n:m	
Q5SHK8_THET8	P35163	n:m	851906
Q5SHK8_THET8	P54443	n:m	
Q5SHK8_THET8	P13792	n:m	
Q5SHK8_THET8	O34951	n:m	
Q5SHK8_THET8	O32192	n:m	
Q5SHK8_THET8	P94504	n:m	
Q5SHK8_THET8	O06978	n:m	
Q5SHK8_THET8	P42421	n:m	
Q5SHK8_THET8	P37478	n:m	
Q5SHK7_THET8	P94414	1:1	
Q5SHK2_THET8	O31820	n:1	852955
Q5SHJ7_THET8	O31688	1:1	
Q5SHJ5_THET8	O32164	1:1	1042118
Q5SHJ4_THET8	O32163	1:1	1011429
Q5SHJ2_THET8	P23974	1:1	
Q5SHJ0	P46919	1:1	1034900
Q5SHI4	P71018	1:1	1094930
Q5SHI3_THET8	P14949	n:1	851667
Q5SHI2_THET8	P37560	1:m	1109327
Q5SHI2_THET8	P80870	1:m	
Q5SHI1_THET8	P29252	1:1	1054084
Q5SHH5	P94427	n:m	
Q5SHH5	P36839	n:m	
Q5SHH5	P38021	n:m	
Q5SHG3	O34847	1:1	1080754
Q5SHG2	C0SP93	1:1	1067719
Q5SHF9_THET8	P39142	1:1	1111035
Q5SHF7_THET8	P13243	1:1	736996
Q5SHF5	P52998	1:1	1102411
Q5SHF3_THET8	P54457	1:1	1095389
Q5SHF1_THET8	P54456	1:1	1009727
Q5SHF0	P54455	1:1	1114710
Q5SHE9	P20964	1:1	1114565
P60493	P05657	1:1	1111788
P60492	P26908	1:1	1077451
Q5SHE1_THET8	O05520	1:1	1100756
Q8RQP5	Q06756	1:1	1075934
Q5SHD7_THET8	P42979	1:1	1071743
Q5SHD6	P42980	1:1	829672
Q5SHD4	O34595	1:1	1081616
Q5SHD2_THET8	P96678	1:1	832120
Q5SHC6_THET8	P49851	n:1	1077825
O50606	O34403	1:1	1080081
Q8RQE8	P37871	1:1	1110963
Q8RQE9	P37870	1:1	1112635
Q5SHB5	P94584	1:1	746211
Q5SHB4_THET8	Q01465	1:m	1073157
Q5SHB4_THET8	P39751	1:m	
Q5SHB3	O31774	1:1	843177
Q5SHB2	P16971	1:1	1115295
Q5SHB0_THET8	P46323	1:1	1050909
Q5SHA8_THET8	O34597	1:m	
Q5SHA8_THET8	O07563	1:m	
Q5SHA7_THET8	P54607	1:m	
Q5SHA7_THET8	O06995	1:m	
Q5SHA6_THET8	O34508	1:1	1050826
Q5SHA3_THET8	O31519	n:m	
Q5SHA3_THET8	P39128	n:m	
Q5SHA3_THET8	P94529	n:m	
Q5SHA3_THET8	O34706	n:m	
Q5SHA3_THET8	O32155	n:m	
Q5SHA3_THET8	O32261	n:m	
Q5SHA2_THET8	O34758	1:1	1023440
P74941	O34526	1:1	1016298
Q5SH96_THET8	O31711	n:m	
Q5SH96_THET8	O34392	n:m	
Q5SH96_THET8	O34979	n:m	
Q5SH92_THET8	P80866	1:1	851673
Q5SH91_THET8	O32162	1:1	1113323
Q5SH90_THET8	O32165	1:1	1113324
Q5SH88	P03947	1:1	809591
P05379	P28819	1:1	
P05378	P28820	1:1	
Q5SH78_THET8	BACSU03413	1:1	835667
Q5SH77_THET8	P45947	1:1	844839
Q5SH76_THET8	P31113	1:1	665693
Q5SH74_THET8	O05255	1:1	851937
Q5SH71_THET8	P37541	1:1	852502
P56881	P18255	1:m	1088763
P56881	P18256	1:m	
Q5SH52_THET8	P19465	1:1	1110926
Q5SH51_THET8	O34696	1:1	816705
Q5SH46_THET8	O34528	1:1	851657
Q5SH44_THET8	O31520	n:m	
Q5SH44_THET8	P39129	n:m	
Q5SH44_THET8	P94530	n:m	
Q5SH44_THET8	P53561	n:m	714189
Q5SH44_THET8	O34518	n:m	
Q5SH44_THET8	O32154	n:m	
Q5SH44_THET8	O07011	n:m	
Q5SH44_THET8	O06991	n:m	
Q5SH42_THET8	O31427	n:m	
Q5SH42_THET8	P46903	n:m	
Q5SH42_THET8	O34946	n:m	
Q5SH42_THET8	P96605	n:m	
Q5SH42_THET8	O34510	n:m	
Q5SH42_THET8	P94440	n:m	
Q5SH42_THET8	P54592	n:m	
Q5SH42_THET8	P55339	n:m	
Q5SH42_THET8	O34697	n:m	
Q5SH42_THET8	O34641	n:m	
Q5SH42_THET8	O34314	n:m	
Q5SH42_THET8	O34338	n:m	
Q5SH42_THET8	P49938	n:m	
Q5SH42_THET8	O07016	n:m	
Q5SH42_THET8	O06980	n:m	
Q5SH42_THET8	P94374	n:m	
Q5SH41_THET8	P54593	1:1	
Q56243	P37954	1:1	1112390
Q56213	P0CI73	1:1	726037
Q5SH31_THET8	Q45065	1:1	1078364
Q5SH15	O31751	1:1	1113872
Q5SH14_THET8	O34421	n:m	
Q5SH14_THET8	P45857	n:m	
Q5SH14_THET8	P45867	n:m	
Q5SH13_THET8	P94404	1:1	
Q5SH10_THET8	P80880	1:1	605444
Q5SH07_THET8	P46904	1:1	853125
Q5SH06_THET8	O31427	n:m	
Q5SH06_THET8	P46903	n:m	
Q5SH06_THET8	O34946	n:m	
Q5SH06_THET8	P96605	n:m	
Q5SH06_THET8	O34510	n:m	
Q5SH06_THET8	P94440	n:m	
Q5SH06_THET8	P54592	n:m	853570
Q5SH06_THET8	P55339	n:m	
Q5SH06_THET8	O34697	n:m	
Q5SH06_THET8	O34641	n:m	
Q5SH06_THET8	O34314	n:m	
Q5SH06_THET8	O34338	n:m	
Q5SH06_THET8	P49938	n:m	
Q5SH06_THET8	O07016	n:m	
Q5SH06_THET8	O06980	n:m	
Q5SH06_THET8	P94374	n:m	
Q5SH04_THET8	O34899	1:1	1011745
Q5SH03	P39820	1:m	1108869
Q5SH03	O07509	1:m	
Q5SH02	P39821	1:1	1108670
Q5SGZ3	O34617	1:1	607357
Q5SGZ2_THET8	O34421	n:m	
Q5SGZ2_THET8	P45857	n:m	
Q5SGZ2_THET8	P45867	n:m	
P96077	P45872	1:1	1115059
Q5SGY0	P68729	1:1	1102576
Q5SGX7_THET8	O32222	1:1	
Q5SGX2	P17921	1:1	1104715
Q5SGX1	P17922	1:1	1056509
P21777	O34529	1:1	1069815
Q5SGW7_THET8	P37544	1:1	1108351
Q5SGW2_THET8	P39695	1:1	851697
Q5SGW1_THET8	P26497	1:m	774753
Q5SGW1_THET8	P37524	1:m	
Q5SGW0_THET8	P37522	1:1	851682
Q9LCY2	P25813	1:1	1108319
Q5SGV8	P25812	1:1	1113314
Q9X9D5	P05648	1:1	1063408
Q53WH6_THET8	P80869	n:m	
Q53WH6_THET8	P12310	n:m	
Q53WH6_THET8	P80873	n:m	
Q53WH6_THET8	O07575	n:m	
Q53WH6_THET8	P40397	n:m	
Q53WH6_THET8	P40398	n:m	
Q53WH6_THET8	O31680	n:m	
Q53WH6_THET8	O34717	n:m	
Q53WH6_THET8	O31767	n:m	
Q53WH6_THET8	P14802	n:m	
Q53WH6_THET8	P50842	n:m	
Q53WH6_THET8	O34308	n:m	
Q53WH6_THET8	P39071	n:m	
Q53WH6_THET8	O34782	n:m	
Q53WH6_THET8	O32229	n:m	
Q53WH6_THET8	P46331	n:m	630852
Q53WH3_THET8	P96670	1:1	
Q53WH2_THET8	P80869	n:m	
Q53WH2_THET8	P12310	n:m	
Q53WH2_THET8	P80873	n:m	
Q53WH2_THET8	O07575	n:m	
Q53WH2_THET8	P40397	n:m	
Q53WH2_THET8	P40398	n:m	
Q53WH2_THET8	O31680	n:m	
Q53WH2_THET8	O34717	n:m	
Q53WH2_THET8	O31767	n:m	
Q53WH2_THET8	P14802	n:m	
Q53WH2_THET8	P50842	n:m	
Q53WH2_THET8	O34308	n:m	
Q53WH2_THET8	P39071	n:m	
Q53WH2_THET8	O34782	n:m	
Q53WH2_THET8	O32229	n:m	
Q53WH2_THET8	P46331	n:m	
Q53WE0_THET8	O34421	n:m	
Q53WE0_THET8	P45857	n:m	
Q53WE0_THET8	P45867	n:m	
Q53WC6_THET8	O34368	1:m	
Q53WC6_THET8	O34961	1:m	
Q53WC6_THET8	P94488	1:m	
Q53W97_THET8	P17731	n:1	
Q53W90_THET8	P50846	1:1	
Q53W89_THET8	P42968	n:1	
Q53W88_THET8	P96600	1:1	
Q53W85_THET8	P80869	n:m	
Q53W85_THET8	P12310	n:m	
Q53W85_THET8	P80873	n:m	
Q53W85_THET8	O07575	n:m	
Q53W85_THET8	P40397	n:m	
Q53W85_THET8	P40398	n:m	
Q53W85_THET8	O31680	n:m	
Q53W85_THET8	O34717	n:m	
Q53W85_THET8	O31767	n:m	
Q53W85_THET8	P14802	n:m	
Q53W85_THET8	P50842	n:m	
Q53W85_THET8	O34308	n:m	
Q53W85_THET8	P39071	n:m	
Q53W85_THET8	O34782	n:m	
Q53W85_THET8	O32229	n:m	
Q53W85_THET8	P46331	n:m	
Q53W84_THET8	O34736	1:1	1084155
Q53W83	P50845	1:m	823975
Q53W83	P42414	1:m	
Q53W82_THET8	P80869	n:m	
Q53W82_THET8	P12310	n:m	
Q53W82_THET8	P80873	n:m	
Q53W82_THET8	O07575	n:m	630942
Q53W82_THET8	P40397	n:m	
Q53W82_THET8	P40398	n:m	
Q53W82_THET8	O31680	n:m	
Q53W82_THET8	O34717	n:m	
Q53W82_THET8	O31767	n:m	
Q53W82_THET8	P14802	n:m	
Q53W82_THET8	P50842	n:m	
Q53W82_THET8	O34308	n:m	
Q53W82_THET8	P39071	n:m	
Q53W82_THET8	O34782	n:m	
Q53W82_THET8	O32229	n:m	
Q53W82_THET8	P46331	n:m	
Q53W81_THET8	A0A6M4JEQ6_BACSU	n:m	
Q53W81_THET8	Q9JMQ1	n:m	
Q53W81_THET8	P25144	n:m	
Q53W81_THET8	P36944	n:m	
Q53W76_THET8	O31520	n:m	
Q53W76_THET8	P39129	n:m	
Q53W76_THET8	P94530	n:m	
Q53W76_THET8	P53561	n:m	
Q53W76_THET8	O34518	n:m	
Q53W76_THET8	O32154	n:m	
Q53W76_THET8	O07011	n:m	
Q53W76_THET8	O06991	n:m	
Q53W75_THET8	P42403	1:m	
Q53W75_THET8	O05508	1:m	
Q53W63	P46908	1:1	
Q53W61_THET8	A0A6M3ZEJ7_BACSU	1:1	1094148
Q53W52_THET8	P50740	1:1	1108445
Q53W39_THET8	P42434	n:m	
Q53W39_THET8	O34720	n:m	
Q53W34	P54154	1:1	604759
Q53W28_THET8	P70949	n:1	
Q53W27_THET8	P96709	1:1	
Q53W25_THET8	O07592	1:m	
Q53W25_THET8	P54527	1:m	
Q53W24_THET8	P18157	1:1	689315
Q53W23_THET8	P18158	1:1	1089659
Q53VZ6_THET8	P96602	1:m	
Q53VZ6_THET8	O34534	1:m	
Q53VZ6_THET8	O05251	1:m	1083093
Q53WG6	P42963	1:1	1101562
Q53WG5_THET8	P39756	1:1	1067689
Q53WG4_THET8	P42434	n:m	
Q53WG4_THET8	O34720	n:m	
Q53VX2_THET8	P49851	n:1	
Q53VX0_THET8	P50620	1:1	
Q53VW1_THET8	P94420	1:1	852084
Q53VW0_THET8	O34832	n:m	
Q53VW0_THET8	O31568	n:m	
Q53VW0_THET8	O34451	n:m	
Q53VW0_THET8	P49937	n:m	
Q53VW0_THET8	P49936	n:m	
Q53VV9_THET8	O34805	n:1	
Q53VU2_THET8	O05235	1:1	
Q53VT9_THET8	P42236	n:m	
Q53VT9_THET8	O06478	n:m	
Q53VT9_THET8	O34660	n:m	
Q53VT9_THET8	P71016	n:m	
Q53VT9_THET8	P94358	n:m	
Q53VT9_THET8	P42412	n:m	
Q53WI1_THET8	O34969	1:1	
Q53VT7_THET8	P42968	n:1	

